City_ID,City,Lat,Lng,Max Temp,Humidity,Cloudiness,Wind Speed,Country,Date,Description
0,thompson,55.7435,-97.8558,19.29,96,100,5.77,CA,1639574106,overcast clouds
1,kodiak,57.79,-152.4072,20.93,82,52,6.29,US,1639574116,broken clouds
2,sao joao da barra,-21.6403,-41.0511,86.09,81,92,15.28,BR,1639574116,overcast clouds
3,bilma,18.6853,12.9164,75.43,15,34,11.07,NE,1639574116,scattered clouds
4,elbrus,43.2577,42.6443,36.16,85,40,4.72,RU,1639574116,scattered clouds
5,shenjiamen,29.9576,122.298,60.96,95,100,13.0,CN,1639574117,overcast clouds
6,metkovic,43.0542,17.6483,52.27,65,100,8.34,HR,1639574117,overcast clouds
7,busselton,-33.65,115.3333,63.09,71,100,14.94,AU,1639574117,overcast clouds
8,norman wells,65.282,-126.8329,-25.56,68,75,8.05,CA,1639574118,light snow
9,sibu,2.3,111.8167,76.5,96,64,0.94,MY,1639574118,broken clouds
10,hilo,19.7297,-155.09,72.63,53,40,5.75,US,1639574051,light rain
11,port alfred,-33.5906,26.891,72.45,71,54,28.88,ZA,1639574118,broken clouds
12,shimoda,34.6667,138.95,47.1,58,50,3.11,JP,1639574119,scattered clouds
13,rikitea,-23.1203,-134.9692,76.33,77,78,7.25,PF,1639574119,light rain
14,albany,42.6001,-73.9662,32.81,74,100,2.75,US,1639574119,overcast clouds
15,qarayeri,40.7886,46.3066,45.48,65,75,6.91,AZ,1639574120,broken clouds
16,shenkursk,62.1091,42.896,25.52,95,100,9.15,RU,1639574120,light snow
17,rodez,44.5,2.5833,58.68,44,0,6.91,FR,1639574120,clear sky
18,cherskiy,68.75,161.3,-23.39,82,100,4.7,RU,1639574121,overcast clouds
19,mount gambier,-37.8333,140.7667,50.07,94,0,3.31,AU,1639574121,clear sky
20,la ronge,55.1001,-105.2842,5.25,85,90,6.91,CA,1639574121,light snow
21,georgetown,5.4112,100.3354,85.95,73,20,6.91,MY,1639574042,few clouds
22,hofn,64.2539,-15.2082,36.86,66,100,8.05,IS,1639574122,overcast clouds
23,dubbo,-32.25,148.6167,71.73,60,75,8.05,AU,1639574122,broken clouds
24,paamiut,61.994,-49.6678,24.21,90,100,7.52,GL,1639574122,overcast clouds
25,guiong,6.4186,122.0258,78.85,86,100,5.91,PH,1639574123,overcast clouds
26,bethel,41.3712,-73.414,39.49,78,1,0.0,US,1639574123,clear sky
27,yellowknife,62.456,-114.3525,-5.28,77,90,8.05,CA,1639574123,light snow
28,ribeira grande,38.5167,-28.7,64.8,72,20,17.27,PT,1639574124,few clouds
29,vila franca do campo,37.7167,-25.4333,63.19,68,79,2.19,PT,1639574124,broken clouds
30,hermiston,45.8404,-119.2895,37.11,78,1,5.75,US,1639573925,clear sky
31,kapaa,22.0752,-159.319,73.72,95,40,10.36,US,1639574125,light rain
32,iqaluit,63.7506,-68.5145,-6.07,71,20,10.36,CA,1639574125,few clouds
33,mataura,-46.1927,168.8643,52.48,85,100,7.4,NZ,1639574125,overcast clouds
34,makakilo city,21.3469,-158.0858,71.92,83,20,3.44,US,1639574126,light rain
35,jamestown,42.097,-79.2353,42.71,59,90,7.0,US,1639573852,overcast clouds
36,ushuaia,-54.8,-68.3,49.66,66,75,13.8,AR,1639574126,light intensity drizzle
37,severo-kurilsk,50.6789,156.125,26.15,65,94,17.67,RU,1639574126,overcast clouds
38,nuuk,64.1835,-51.7216,25.41,86,75,3.44,GL,1639574127,broken clouds
39,lebu,-37.6167,-73.65,58.57,66,0,6.53,CL,1639574127,clear sky
40,acajutla,13.5928,-89.8275,77.34,62,0,6.38,SV,1639574127,clear sky
41,popondetta,-8.7537,148.2534,75.33,96,100,3.15,PG,1639574127,overcast clouds
42,yar-sale,66.8333,70.8333,-9.69,94,23,8.08,RU,1639574128,few clouds
43,doha,25.2867,51.5333,75.18,64,0,11.5,QA,1639573834,clear sky
44,voh,-20.9667,164.7,72.46,75,5,2.86,NC,1639574128,clear sky
45,riyadh,24.6877,46.7219,69.94,21,100,12.71,SA,1639574129,overcast clouds
46,ancud,-41.8697,-73.8203,58.53,65,0,1.9,CL,1639574129,clear sky
47,luanda,-8.8368,13.2343,84.2,74,75,6.91,AO,1639573892,broken clouds
48,pevek,69.7008,170.3133,-22.2,87,100,0.83,RU,1639574129,overcast clouds
49,arlit,18.7369,7.3853,81.9,12,100,5.46,NE,1639574130,overcast clouds
50,port elizabeth,-33.918,25.5701,71.89,73,40,32.21,ZA,1639574130,scattered clouds
51,new norfolk,-42.7826,147.0587,56.7,53,17,3.24,AU,1639574130,few clouds
52,lima,-12.0432,-77.0282,68.9,81,90,5.75,PE,1639573860,overcast clouds
53,san cristobal,7.7669,-72.225,68.18,80,92,0.58,VE,1639574131,overcast clouds
54,beinamar,8.6698,15.3813,96.06,12,95,4.65,TD,1639574131,overcast clouds
55,maragogi,-9.0122,-35.2225,83.95,62,100,10.98,BR,1639574131,overcast clouds
56,zabid,14.1951,43.3152,83.89,45,0,17.83,YE,1639574132,clear sky
57,vaini,-21.2,-175.2,75.36,100,20,4.61,TO,1639574132,few clouds
58,chapais,49.7834,-74.8492,6.58,92,100,6.4,CA,1639574132,overcast clouds
59,mount isa,-20.7333,139.5,89.37,43,60,17.27,AU,1639574133,broken clouds
60,bengkulu,-3.8004,102.2655,77.4,88,100,3.04,ID,1639574133,light rain
61,castro,-24.7911,-50.0119,71.91,88,100,5.46,BR,1639574133,overcast clouds
62,pout,14.7739,-17.0603,84.96,18,0,13.8,SN,1639574134,clear sky
63,sitka,57.0531,-135.33,24.69,86,1,0.0,US,1639574134,clear sky
64,alice springs,-23.7,133.8833,81.95,32,96,8.05,AU,1639574031,overcast clouds
65,avarua,-21.2078,-159.775,78.85,89,75,10.36,CK,1639574134,broken clouds
66,palu,-0.8917,119.8707,77.09,93,100,0.96,ID,1639574135,overcast clouds
67,leningradskiy,69.3833,178.4167,-23.93,98,100,9.53,RU,1639574135,overcast clouds
68,malangali,-8.5667,34.85,75.2,50,99,11.7,TZ,1639574135,overcast clouds
69,palmer,42.1584,-72.3287,31.62,73,91,1.43,US,1639574011,overcast clouds
70,torbay,47.6666,-52.7314,22.57,72,100,7.0,CA,1639574136,overcast clouds
71,puerto ayora,-0.7393,-90.3518,68.56,95,80,3.0,EC,1639574136,broken clouds
72,menongue,-14.6585,17.691,76.15,55,100,4.27,AO,1639574136,overcast clouds
73,fuerte,17.5381,120.3644,76.41,70,40,7.34,PH,1639574137,scattered clouds
74,qaanaaq,77.484,-69.3632,-3.1,74,0,6.55,GL,1639574137,clear sky
75,yerbogachen,61.2767,108.0108,-14.39,87,100,11.3,RU,1639574137,overcast clouds
76,polazna,58.2946,56.4055,22.39,99,100,3.02,RU,1639574138,overcast clouds
77,kaeo,-35.1,173.7833,66.33,91,72,11.45,NZ,1639574138,broken clouds
78,chumikan,54.7183,135.315,-9.54,82,100,22.01,RU,1639574138,overcast clouds
79,khatanga,71.9667,102.5,-6.92,96,100,4.97,RU,1639574139,overcast clouds
80,tucuman,-26.8241,-65.2226,69.8,83,90,8.05,AR,1639573929,overcast clouds
81,narsaq,60.9167,-46.05,25.02,81,100,6.89,GL,1639574139,overcast clouds
82,port-cartier,50.0334,-66.8654,19.62,77,5,9.42,CA,1639574139,clear sky
83,bredasdorp,-34.5322,20.0403,60.28,53,100,22.84,ZA,1639574140,overcast clouds
84,kavaratti,10.5669,72.642,82.98,68,100,4.27,IN,1639574140,overcast clouds
85,isla vista,34.4133,-119.861,47.34,73,1,0.0,US,1639574140,clear sky
86,vestmannaeyjar,63.4427,-20.2734,43.79,81,40,28.77,IS,1639574141,scattered clouds
87,hobart,-42.8794,147.3294,57.06,76,90,1.14,AU,1639574141,overcast clouds
88,te anau,-45.4167,167.7167,55.62,88,100,2.68,NZ,1639574141,heavy intensity rain
89,cidreira,-30.1811,-50.2056,72.32,93,100,16.24,BR,1639574142,overcast clouds
90,urumqi,43.801,87.6005,16.75,93,75,2.24,CN,1639574142,light snow
91,cape town,-33.9258,18.4232,71.89,51,40,8.99,ZA,1639574108,scattered clouds
92,cabinda,-5.55,12.2,84.34,69,98,10.31,AO,1639574143,overcast clouds
93,atambua,-9.1061,124.8925,76.35,82,90,2.66,ID,1639574143,overcast clouds
94,kolokani,13.5728,-8.0339,92.19,10,100,19.82,ML,1639574143,overcast clouds
95,sept-iles,50.2001,-66.3821,18.05,73,14,5.99,CA,1639573982,few clouds
96,harnai,30.1005,67.9374,46.78,12,0,0.85,PK,1639574144,clear sky
97,tazovskiy,67.4667,78.7,-23.8,96,5,6.02,RU,1639574144,clear sky
98,henties bay,-22.116,14.2845,65.86,72,0,16.75,NA,1639574144,clear sky
99,bitung,1.4451,125.1824,77.85,80,68,5.37,ID,1639574145,broken clouds
100,nouadhibou,20.931,-17.0347,69.78,78,20,12.66,MR,1639574145,few clouds
101,bowen,-20.0167,148.2333,79.34,68,1,11.34,AU,1639574145,clear sky
102,malanje,-9.5402,16.341,74.86,82,95,2.66,AO,1639574145,light rain
103,mar del plata,-38.0023,-57.5575,69.82,77,40,15.99,AR,1639574146,scattered clouds
104,havre-saint-pierre,50.2334,-63.5986,23.59,45,75,13.8,CA,1639574146,broken clouds
105,arraial do cabo,-22.9661,-42.0278,87.66,62,0,19.57,BR,1639574147,clear sky
106,cedar city,37.6775,-113.0619,25.77,68,90,17.27,US,1639574147,light snow
107,storebo,60.0948,5.2271,50.27,98,100,7.0,NO,1639574147,light rain
108,makaryev,57.8797,43.8069,20.8,96,100,6.24,RU,1639574147,overcast clouds
109,mocuba,-16.8392,36.9856,96.04,32,99,11.9,MZ,1639574148,overcast clouds
110,punta arenas,-53.15,-70.9167,53.71,66,75,25.32,CL,1639573904,broken clouds
111,albina,5.5,-54.05,84.6,64,100,4.85,SR,1639574148,overcast clouds
112,hambantota,6.1241,81.1185,78.6,82,100,9.78,LK,1639574149,overcast clouds
113,konstantinovka,49.6167,127.9833,-25.58,96,16,2.04,RU,1639574149,few clouds
114,kushima,31.4583,131.2333,45.12,73,85,4.27,JP,1639574149,overcast clouds
115,farim,12.4839,-15.2217,97.18,9,100,4.59,GW,1639574150,overcast clouds
116,ucluelet,48.9329,-125.5528,40.08,91,100,3.0,CA,1639574150,overcast clouds
117,yeppoon,-23.1333,150.7333,73.18,69,0,9.6,AU,1639574150,clear sky
118,saint-augustin,51.226,-58.6502,12.13,63,25,23.8,CA,1639574151,scattered clouds
119,hithadhoo,-0.6,73.0833,82.44,72,75,4.38,MV,1639574151,broken clouds
120,bluff,-46.6,168.3333,52.81,83,100,17.11,NZ,1639574151,overcast clouds
121,lakes entrance,-37.8811,147.981,60.17,88,63,10.74,AU,1639574151,broken clouds
122,rawson,-43.3002,-65.1023,71.08,42,0,10.27,AR,1639574152,clear sky
123,luderitz,-26.6481,15.1594,71.74,51,3,30.13,NA,1639574152,clear sky
124,yulara,-25.2406,130.9889,78.64,53,97,3.44,AU,1639574153,overcast clouds
125,umm kaddadah,13.6017,26.6876,87.75,17,18,15.5,SD,1639574153,few clouds
126,syamzha,60.0158,41.0614,24.46,94,100,8.32,RU,1639574153,light snow
127,erzin,36.9559,36.2,61.52,54,100,1.97,TR,1639574154,overcast clouds
128,hasaki,35.7333,140.8333,36.0,56,0,10.0,JP,1639574154,clear sky
129,chokurdakh,70.6333,147.9167,-22.43,97,100,6.53,RU,1639574154,overcast clouds
130,tamuin,21.9833,-98.75,65.79,92,70,1.83,MX,1639574155,broken clouds
131,antofagasta,-23.65,-70.4,63.68,64,21,7.43,CL,1639574155,few clouds
132,gold coast,-28.0,153.4333,71.01,86,0,1.01,AU,1639573904,clear sky
133,codrington,-38.2667,141.9667,52.65,85,0,5.26,AU,1639574155,clear sky
134,dudinka,69.4058,86.1778,-16.38,100,77,3.02,RU,1639574156,broken clouds
135,klaksvik,62.2266,-6.589,45.52,77,34,37.04,FO,1639574156,scattered clouds
136,caraballeda,10.6112,-66.8522,82.36,77,20,8.16,VE,1639574157,few clouds
137,omboue,-1.5746,9.2618,83.43,72,96,9.28,GA,1639574157,overcast clouds
138,tura,25.5198,90.2201,60.42,81,100,2.98,IN,1639574157,overcast clouds
139,durban,-29.8579,31.0292,91.92,80,15,5.01,ZA,1639573865,few clouds
140,carnarvon,-24.8667,113.6333,71.67,83,1,21.85,AU,1639574158,clear sky
141,bam,29.106,58.357,54.1,21,7,6.98,IR,1639574158,clear sky
142,sao filipe,14.8961,-24.4956,75.16,66,100,5.32,CV,1639574158,overcast clouds
143,edgemere,39.2421,-76.448,43.74,76,1,1.99,US,1639574159,clear sky
144,atuona,-9.8,-139.0333,76.55,78,60,12.03,PF,1639574159,light rain
145,port keats,-14.25,129.55,85.91,76,46,10.16,AU,1639573867,scattered clouds
146,ponta delgada,37.7333,-25.6667,63.5,67,20,5.75,PT,1639574159,few clouds
147,san francisco,37.7749,-122.4194,47.16,84,75,1.01,US,1639574024,broken clouds
148,port hardy,50.6996,-127.4199,42.8,81,90,26.46,CA,1639574160,overcast clouds
149,barrow,71.2906,-156.7887,-27.38,68,1,4.61,US,1639574160,clear sky
150,chuy,-33.6971,-53.4616,70.14,81,100,8.52,UY,1639574160,overcast clouds
151,cayenne,4.9333,-52.3333,83.08,85,75,3.0,GF,1639574161,broken clouds
152,katangli,51.7102,143.2326,-10.53,95,79,6.33,RU,1639574161,broken clouds
153,broken hill,-31.95,141.4333,75.18,39,83,11.74,AU,1639574161,broken clouds
154,ponta do sol,32.6667,-17.1,67.01,57,0,5.64,PT,1639574162,clear sky
155,nishihara,26.1842,127.7558,67.28,68,20,9.22,JP,1639574162,few clouds
156,havoysund,70.9963,24.6622,31.08,84,94,11.16,NO,1639574162,overcast clouds
157,bathsheba,13.2167,-59.5167,84.81,65,40,23.02,BB,1639574163,scattered clouds
158,tuktoyaktuk,69.4541,-133.0374,-7.2,94,100,6.64,CA,1639574163,overcast clouds
159,gasa,31.5,34.4667,66.88,48,0,12.12,PS,1639574163,clear sky
160,salinopolis,-0.6136,-47.3561,84.38,71,99,12.1,BR,1639574164,overcast clouds
161,luau,-10.7073,22.2247,81.45,58,100,5.82,AO,1639574164,overcast clouds
162,ishinomaki,38.4167,141.3,43.79,73,9,8.1,JP,1639574164,clear sky
163,butaritari,3.0707,172.7902,81.05,79,73,8.28,KI,1639574165,light rain
164,tuatapere,-46.1333,167.6833,52.83,87,100,4.07,NZ,1639574165,overcast clouds
165,ulladulla,-35.35,150.4667,67.77,94,100,3.24,AU,1639574165,overcast clouds
166,suclayin,15.7568,121.5503,72.39,90,100,2.8,PH,1639574166,overcast clouds
167,kanniyakumari,8.0833,77.5667,81.63,73,97,14.88,IN,1639574166,overcast clouds
168,vila,42.0304,-8.1588,53.33,42,6,2.66,PT,1639574166,clear sky
169,kontagora,10.3999,5.4695,97.5,9,100,2.26,NG,1639574166,overcast clouds
170,coihaique,-45.5752,-72.0662,57.81,54,20,3.44,CL,1639574167,few clouds
171,talas,38.6908,35.5538,50.67,50,75,3.44,TR,1639574167,broken clouds
172,mali,12.079,-12.2982,78.98,15,100,5.55,GN,1639574167,overcast clouds
173,san andres,12.5847,-81.7006,82.42,78,20,9.22,CO,1639574052,few clouds
174,hit,33.6416,42.8251,72.77,13,0,13.11,IQ,1639574168,clear sky
175,elk city,35.412,-99.4043,63.28,94,90,17.27,US,1639574168,overcast clouds
176,monrovia,6.3005,-10.7969,84.24,67,99,6.24,LR,1639574169,overcast clouds
177,owen sound,44.5672,-80.9435,40.89,78,100,1.99,CA,1639574106,overcast clouds
178,kudymkar,59.0173,54.656,9.55,98,100,4.05,RU,1639574169,overcast clouds
179,east london,-33.0153,27.9116,74.34,73,40,21.85,ZA,1639574169,scattered clouds
180,tottori,35.5,134.2333,48.85,77,50,8.66,JP,1639574170,scattered clouds
181,fairbanks,64.8378,-147.7164,-29.4,65,20,0.0,US,1639574071,few clouds
182,yatou,37.15,122.3833,41.67,58,100,2.89,CN,1639574170,overcast clouds
183,san patricio,28.017,-97.5169,73.89,95,100,10.09,US,1639574171,overcast clouds
184,kautokeino,69.0125,23.0412,16.84,98,100,7.92,NO,1639574171,overcast clouds
185,saskylakh,71.9167,114.0833,-27.54,99,39,5.97,RU,1639574171,scattered clouds
186,corinto,37.9407,22.9573,55.89,60,93,4.21,GR,1639574172,overcast clouds
187,lerwick,60.1545,-1.1494,50.0,74,84,29.33,GB,1639574172,broken clouds
188,tateyama,34.9833,139.8667,48.22,47,0,7.11,JP,1639574172,clear sky
189,adrar,20.5022,-10.0711,83.62,16,0,7.11,MR,1639574172,clear sky
190,mancio lima,-7.6142,-72.8958,81.97,70,19,3.42,BR,1639574173,few clouds
191,zhuanghe,39.7008,122.9911,36.27,47,100,6.98,CN,1639574173,overcast clouds
192,tasiilaq,65.6145,-37.6368,30.36,75,100,0.83,GL,1639574173,overcast clouds
193,beringovskiy,63.05,179.3167,17.76,94,100,23.4,RU,1639574174,light snow
194,the valley,18.217,-63.0578,82.26,69,20,17.27,AI,1639574174,few clouds
195,hvide sande,56.0045,8.1294,49.08,93,97,19.44,DK,1639574174,overcast clouds
196,ilhabela,-23.7781,-45.3581,81.23,78,100,4.23,BR,1639574175,overcast clouds
197,upernavik,72.7868,-56.1549,3.43,95,100,4.34,GL,1639574175,overcast clouds
198,malinovskiy,61.1953,62.8397,5.25,97,61,3.09,RU,1639574176,broken clouds
199,kruisfontein,-34.0033,24.7314,67.89,80,99,26.02,ZA,1639574176,light rain
200,minsk,53.9,27.5667,32.74,87,100,5.59,BY,1639574036,overcast clouds
201,la macarena,2.1837,-73.7849,80.82,66,100,7.02,CO,1639574169,overcast clouds
202,santiago,-33.4569,-70.6483,74.98,38,0,3.44,CL,1639574176,clear sky
203,la maddalena,41.2142,9.4083,62.76,65,35,3.53,IT,1639574177,scattered clouds
204,chizhou,30.6578,117.4831,57.11,67,100,2.95,CN,1639574177,overcast clouds
205,datong,40.0936,113.2914,29.93,45,23,13.35,CN,1639574159,few clouds
206,bandarbeyla,9.4942,50.8122,79.21,68,4,19.77,SO,1639574177,clear sky
207,villa union,23.2,-106.2333,62.56,94,40,0.0,MX,1639574178,scattered clouds
208,waipawa,-41.4122,175.5153,56.44,95,86,5.48,NZ,1639574178,overcast clouds
209,tucumcari,35.1717,-103.725,57.04,41,1,12.66,US,1639574178,clear sky
210,lavrentiya,65.5833,-171.0,-8.07,91,100,18.9,RU,1639574179,light snow
211,helena,46.5927,-112.0361,27.59,56,90,8.01,US,1639573892,overcast clouds
212,ascension,30.2169,-90.9001,66.27,95,90,3.44,US,1639574179,overcast clouds
213,pisco,-13.7,-76.2167,66.25,88,90,2.3,PE,1639574180,mist
214,ust-nera,64.5667,143.2,-23.58,99,99,4.25,RU,1639574180,overcast clouds
215,kenai,60.5544,-151.2583,0.14,84,90,5.75,US,1639574180,fog
216,les cayes,18.2,-73.75,78.57,73,0,3.15,HT,1639574180,clear sky
217,idah,7.1065,6.7342,100.2,24,66,1.52,NG,1639574181,broken clouds
218,dolinsk,47.35,142.8,12.06,84,31,4.25,RU,1639574181,scattered clouds
219,monte patria,-30.6919,-70.9467,72.36,40,0,5.19,CL,1639574156,clear sky
220,oktyabrskiy,54.4815,53.471,25.56,90,100,9.73,RU,1639574182,overcast clouds
221,swift current,50.2834,-107.8014,4.12,90,100,16.84,CA,1639574106,overcast clouds
222,victoria,22.2855,114.1577,73.45,83,100,1.01,HK,1639573926,overcast clouds
223,hermanus,-34.4187,19.2345,68.9,69,100,19.22,ZA,1639574182,light rain
224,sobolevo,54.4299,31.8996,30.76,94,97,5.32,RU,1639574182,overcast clouds
225,saint-georges,12.0564,-61.7485,83.88,70,40,23.02,GD,1639574183,scattered clouds
226,xining,36.6167,101.7667,24.04,33,70,3.87,CN,1639574183,broken clouds
227,hyeres,43.1167,6.1167,61.48,68,0,3.44,FR,1639574183,clear sky
228,katsuura,35.1333,140.3,48.31,57,2,5.79,JP,1639574184,clear sky
229,santa lucia,27.9117,-15.5407,60.76,55,75,8.05,ES,1639574184,broken clouds
230,empalme,27.9667,-110.8167,59.92,55,81,9.84,MX,1639574184,broken clouds
231,kedrovyy,56.1667,91.8167,-17.14,96,76,4.83,RU,1639574185,broken clouds
232,benguela,-12.5763,13.4055,81.5,73,97,8.3,AO,1639574185,overcast clouds
233,elat,29.5581,34.9482,69.64,37,0,9.22,IL,1639574185,haze
234,charlestown,-32.95,151.6667,74.21,85,100,1.01,AU,1639574186,overcast clouds
235,saint-francois,46.4154,3.9054,35.04,100,90,3.44,FR,1639574186,overcast clouds
236,tete,-16.1564,33.5867,87.89,42,75,16.11,MZ,1639574186,broken clouds
237,tiksi,71.6872,128.8694,-19.26,99,100,1.03,RU,1639574188,overcast clouds
238,kieta,-6.2167,155.6333,80.65,86,100,8.12,PG,1639574188,light rain
239,nikolskoye,59.7035,30.7861,34.39,93,100,9.08,RU,1639574188,overcast clouds
240,kamina,-8.7386,24.9906,79.29,67,29,3.18,CD,1639574189,light rain
241,fort nelson,58.8053,-122.7002,-31.41,75,40,2.3,CA,1639574189,scattered clouds
242,keuruu,62.2667,24.7,34.81,98,100,7.02,FI,1639574189,overcast clouds
243,cabo san lucas,22.8909,-109.9124,73.51,66,1,4.61,MX,1639573991,clear sky
244,jerusalem,31.769,35.2163,59.72,56,0,4.0,IL,1639574165,clear sky
245,jacareacanga,-6.2222,-57.7528,75.51,100,90,2.3,BR,1639574190,moderate rain
246,hirara,24.8,125.2833,71.87,70,0,19.86,JP,1639574190,clear sky
247,mana,5.6592,-53.7767,81.93,73,100,7.7,GF,1639574191,overcast clouds
248,high level,58.5169,-117.136,-14.69,84,90,3.44,CA,1639574191,overcast clouds
249,kertosono,-7.5833,112.1,76.82,92,100,6.69,ID,1639574191,light rain
250,faanui,-16.4833,-151.75,80.58,75,26,12.28,PF,1639574192,scattered clouds
251,palmas,-10.2128,-48.3603,80.47,78,40,3.44,BR,1639574192,scattered clouds
252,saldanha,-33.0117,17.9442,65.05,68,100,15.64,ZA,1639574192,overcast clouds
253,papillion,41.1544,-96.0422,60.93,78,1,11.99,US,1639574192,clear sky
254,leshukonskoye,64.8989,45.7622,23.99,95,100,8.03,RU,1639574193,light snow
255,talnakh,69.4865,88.3972,-16.8,99,100,6.71,RU,1639574193,overcast clouds
256,dvinskoy,62.1535,45.1175,23.49,94,100,7.99,RU,1639574193,overcast clouds
257,constitucion,-35.3333,-72.4167,64.04,48,8,2.73,CL,1639574192,clear sky
258,nador,35.174,-2.9287,62.67,77,75,11.5,MA,1639574194,broken clouds
259,kotido,2.9806,34.1331,86.18,29,98,13.87,UG,1639574194,overcast clouds
260,san pedro,14.35,121.0167,79.36,75,40,2.3,PH,1639574194,scattered clouds
261,lodja,-3.4833,23.4333,85.05,56,95,4.68,CD,1639574195,overcast clouds
262,rio grande,-32.035,-52.0986,69.91,94,100,15.86,BR,1639574195,overcast clouds
263,angoche,-16.2325,39.9086,86.23,65,100,20.0,MZ,1639574195,overcast clouds
264,zandvoort,52.3749,4.5341,53.02,78,75,12.66,NL,1639574196,broken clouds
265,kargasok,59.0556,80.8572,9.21,95,100,9.69,RU,1639574196,light snow
266,le port,-20.9373,55.2919,82.4,71,15,7.11,RE,1639574196,light rain
267,glomfjord,66.8167,13.9667,39.2,98,100,25.68,NO,1639574197,overcast clouds
268,port lincoln,-34.7333,135.8667,61.07,78,0,7.29,AU,1639574197,clear sky
269,xuanhua,40.6103,115.0447,32.38,42,3,7.09,CN,1639574197,clear sky
270,mayumba,-3.432,10.6554,80.87,80,72,7.31,GA,1639574197,broken clouds
271,vao,-22.6667,167.4833,75.42,63,3,6.4,NC,1639574198,clear sky
272,sabang,5.8933,95.3214,82.81,76,26,14.18,ID,1639574198,scattered clouds
273,tulagi,-9.0996,160.1476,82.78,77,100,11.59,SB,1639574198,moderate rain
274,saint-philippe,-21.3585,55.7679,81.99,79,36,13.85,RE,1639574199,light rain
275,kawalu,-7.3817,108.2082,74.97,93,93,2.46,ID,1639574199,overcast clouds
276,anchorage,61.2181,-149.9003,2.68,82,40,0.0,US,1639574024,mist
277,husavik,66.0449,-17.3389,33.71,79,92,10.85,IS,1639574199,overcast clouds
278,kajaani,64.2273,27.7285,30.25,93,90,10.36,FI,1639574200,light snow
279,uruzgan,32.8333,66.0,31.53,36,0,3.65,AF,1639574200,clear sky
280,amapa,1.0,-52.0,81.64,74,96,3.83,BR,1639574200,overcast clouds
281,gombong,-7.6072,109.5142,78.1,84,100,2.26,ID,1639574201,moderate rain
282,vengerovo,55.6848,76.7471,18.84,94,100,11.52,RU,1639574201,light snow
283,tautira,-17.7333,-149.15,77.02,80,73,11.72,PF,1639574201,light rain
284,souillac,-20.5167,57.5167,80.37,88,40,13.8,MU,1639574202,light rain
285,airai,-8.9266,125.4092,62.17,88,77,1.7,TL,1639574202,broken clouds
286,sohag,26.557,31.6948,67.15,32,0,14.52,EG,1639574202,clear sky
287,bilibino,68.0546,166.4372,-7.78,71,100,5.26,RU,1639574203,overcast clouds
288,kaitangata,-46.2817,169.8464,57.92,81,100,8.3,NZ,1639574203,light rain
289,lamu,-2.2717,40.902,84.42,71,80,11.63,KE,1639574203,light rain
290,bambanglipuro,-7.95,110.2833,66.6,83,98,2.57,ID,1639574203,heavy intensity rain
291,houma,29.5958,-90.7195,64.99,98,40,5.75,US,1639574098,mist
292,kigonsera,-10.8,35.05,88.16,21,61,10.16,TZ,1639574204,broken clouds
293,trinidad,-14.8333,-64.9,76.98,94,90,6.91,BO,1639574204,moderate rain
294,carutapera,-1.195,-46.02,85.35,67,100,10.45,BR,1639574205,overcast clouds
295,idil,37.3411,41.8895,58.23,24,5,12.19,TR,1639574205,clear sky
296,ginda,30.6945,78.4932,39.13,35,0,8.01,IN,1639574205,clear sky
297,akyab,20.15,92.9,74.93,70,13,12.21,MM,1639574205,few clouds
298,dikson,73.5069,80.5464,-22.23,100,69,4.7,RU,1639574206,broken clouds
299,ayan,56.45,138.1667,-10.88,70,98,18.81,RU,1639574206,overcast clouds
300,payson,40.0444,-111.7321,31.41,89,40,16.11,US,1639574206,snow
301,fortuna,40.5982,-124.1573,44.94,84,90,11.99,US,1639574207,overcast clouds
302,tezu,27.9167,96.1667,61.34,48,90,4.65,IN,1639574207,overcast clouds
303,los llanos de aridane,28.6585,-17.9182,65.95,65,20,8.99,ES,1639574207,few clouds
304,madang,-5.2246,145.7966,78.03,91,100,2.15,PG,1639574208,overcast clouds
305,tongchuan,35.0806,109.0897,38.73,51,84,4.45,CN,1639574208,broken clouds
306,pierre,44.3683,-100.351,23.92,86,1,4.61,US,1639574208,clear sky
307,bambous virieux,-20.3428,57.7575,80.22,88,40,13.8,MU,1639574209,light rain
308,pitimbu,-7.4706,-34.8086,86.59,65,79,11.21,BR,1639574209,broken clouds
309,sohbatpur,28.5202,68.5434,62.87,19,0,6.62,PK,1639574209,clear sky
310,portland,45.5234,-122.6762,42.42,82,90,1.01,US,1639573912,overcast clouds
311,tahe,52.3333,124.7333,-13.9,79,1,6.22,CN,1639574209,clear sky
312,richards bay,-28.783,32.0377,91.13,50,17,13.82,ZA,1639574210,few clouds
313,taltal,-25.4,-70.4833,67.73,68,0,6.35,CL,1639574210,clear sky
314,flinders,-34.5833,150.8552,70.21,91,100,4.27,AU,1639574210,overcast clouds
315,saint-joseph,-21.3667,55.6167,80.98,74,30,13.47,RE,1639574211,light rain
316,intipuca,13.1969,-88.0544,75.15,74,17,4.41,SV,1639574211,few clouds
317,nicoya,10.1483,-85.452,72.95,87,43,2.19,CR,1639574211,scattered clouds
318,mogadishu,2.0371,45.3438,82.15,72,86,19.24,SO,1639574212,overcast clouds
319,praia,14.9215,-23.5087,76.03,64,100,13.29,CV,1639574212,overcast clouds
320,nanortalik,60.1432,-45.2371,29.46,83,100,6.91,GL,1639574212,overcast clouds
321,salur,18.5333,83.2167,70.81,60,100,1.43,IN,1639574213,overcast clouds
322,westport,41.1415,-73.3579,42.76,61,1,5.75,US,1639573955,clear sky
323,bhola,22.6833,90.65,69.64,61,100,7.87,BD,1639574213,overcast clouds
324,osoyoos,49.0331,-119.4524,30.61,69,100,3.44,CA,1639574213,overcast clouds
325,saint anthony,45.0205,-93.218,45.28,95,90,5.99,US,1639574214,fog
326,ledyard,41.4398,-72.0142,38.32,64,1,5.75,US,1639574214,clear sky
327,makinsk,52.6292,70.4169,17.82,87,67,13.69,KZ,1639574214,broken clouds
328,vostok,46.4856,135.8833,-10.12,99,79,4.34,RU,1639574215,broken clouds
329,port hedland,-20.3167,118.5667,82.45,69,0,10.36,AU,1639574215,clear sky
330,takoradi,4.8845,-1.7554,84.25,70,45,7.7,GH,1639574215,light rain
331,sanchor,24.7553,71.7722,68.94,22,0,8.66,IN,1639574216,clear sky
332,lehigh acres,26.6254,-81.6248,68.43,93,1,1.01,US,1639574150,clear sky
333,escarcega,18.6089,-90.7454,66.54,94,100,2.73,MX,1639574216,overcast clouds
334,belmont,37.5202,-122.2758,46.96,89,90,0.0,US,1639574217,overcast clouds
335,vanimo,-2.6741,141.3028,77.88,91,100,1.41,PG,1639574217,light rain
336,flin flon,54.7682,-101.865,13.84,79,90,9.22,CA,1639574217,light snow
337,xuddur,4.1213,43.8894,89.83,31,74,12.73,SO,1639574217,broken clouds
338,ust-tsilma,65.441,52.1498,24.19,96,100,6.73,RU,1639574218,light snow
339,alekseyevsk,57.8406,108.3492,-22.05,94,100,5.37,RU,1639574218,overcast clouds
340,tual,-5.6667,132.75,84.36,71,9,6.71,ID,1639574218,clear sky
341,hovd,48.0056,91.6419,-1.26,79,3,5.08,MN,1639574219,clear sky
342,kendari,-3.945,122.4989,77.59,92,100,3.47,ID,1639574219,overcast clouds
343,luganville,-15.5333,167.1667,78.42,86,32,7.14,VU,1639574219,scattered clouds
344,gizo,-8.103,156.8419,82.31,79,100,5.82,SB,1639574220,moderate rain
345,provideniya,64.3833,-173.3,-2.76,97,100,26.93,RU,1639574220,snow
346,port-gentil,-0.7193,8.7815,81.01,79,99,11.43,GA,1639574220,overcast clouds
347,goure,13.9835,10.2704,82.02,8,5,15.14,NE,1639574221,clear sky
348,point fortin,10.1833,-61.6833,84.15,85,98,12.75,TT,1639574221,overcast clouds
349,broome,42.2506,-75.833,38.91,64,1,10.0,US,1639574221,clear sky
350,villazon,-22.0866,-65.5942,55.15,58,100,9.98,BO,1639574221,overcast clouds
351,hay river,60.8156,-115.7999,-16.62,76,20,5.75,CA,1639574222,few clouds
352,san quintin,30.4833,-115.95,53.4,61,4,11.99,MX,1639574222,clear sky
353,bay roberts,47.5999,-53.2648,23.32,66,100,8.99,CA,1639574222,overcast clouds
354,sorland,67.667,12.6934,39.27,81,100,34.47,NO,1639574223,light rain
355,kindu,-2.95,25.95,84.38,56,99,1.99,CD,1639574223,overcast clouds
356,marzuq,14.4,46.4667,77.14,13,0,5.84,YE,1639574223,clear sky
357,calabaca,14.3001,122.4336,77.7,84,99,16.33,PH,1639574224,overcast clouds
358,avera,33.194,-82.5271,51.31,48,100,8.57,US,1639574224,overcast clouds
359,tiznit,29.5833,-9.5,64.06,20,100,10.11,MA,1639574225,overcast clouds
360,lahij,13.1667,44.5833,77.92,41,5,13.11,YE,1639574225,clear sky
361,sumbe,-11.2061,13.8437,81.25,75,100,6.6,AO,1639574225,overcast clouds
362,lagunas,-5.2269,-75.6753,81.46,70,100,3.42,PE,1639574226,overcast clouds
363,namatanai,-3.6667,152.4333,79.9,85,59,7.67,PG,1639574226,moderate rain
364,teahupoo,-17.8333,-149.2667,71.56,79,58,11.77,PF,1639574226,light rain
365,meulaboh,4.1363,96.1285,79.81,83,97,1.83,ID,1639574227,light rain
366,la palma,33.8464,-118.0467,48.49,93,1,4.61,US,1639574227,clear sky
367,matara,5.9485,80.5353,77.45,84,83,2.48,LK,1639574227,light rain
368,muros,42.7762,-9.0603,64.83,65,6,0.96,ES,1639574228,clear sky
369,taoudenni,22.6783,-3.9836,83.66,13,0,5.39,ML,1639574228,clear sky
370,isangel,-19.55,169.2667,76.32,76,100,10.09,VU,1639574228,overcast clouds
371,kotelnich,58.3089,48.348,20.05,97,98,4.18,RU,1639574229,light snow
372,gubkinskiy,64.434,76.5026,3.81,97,93,4.09,RU,1639574229,overcast clouds
373,sosnogorsk,63.6023,53.8817,19.65,97,100,5.53,RU,1639574229,overcast clouds
374,turayf,31.6725,38.6637,66.45,59,40,6.91,SA,1639574230,scattered clouds
375,beian,63.6559,9.5683,45.01,76,75,20.71,NO,1639574231,broken clouds
376,mahebourg,-20.4081,57.7,80.26,88,40,13.8,MU,1639574231,light rain
377,chiredzi,-21.05,31.6667,94.89,33,9,5.17,ZW,1639574232,clear sky
378,la asuncion,11.0333,-63.8628,79.09,81,99,13.67,VE,1639574101,overcast clouds
379,barentu,15.1139,37.5928,87.62,15,100,10.16,ER,1639574232,overcast clouds
380,coahuayana,18.7333,-103.6833,78.28,80,0,3.29,MX,1639574232,clear sky
381,vaitape,-16.5167,-151.75,80.58,75,21,12.3,PF,1639574233,few clouds
382,owerri,5.4833,7.0304,98.73,32,92,1.07,NG,1639574233,overcast clouds
383,reynosa,26.0833,-98.2833,73.69,93,90,3.44,MX,1639574151,mist
384,durres,41.3231,19.4414,59.18,52,16,8.48,AL,1639574060,few clouds
385,gazanjyk,39.2446,55.5154,43.2,42,0,28.25,TM,1639574234,clear sky
386,canchungo,12.0672,-16.0333,91.47,11,97,4.74,GW,1639574234,overcast clouds
387,aklavik,68.2191,-135.0107,-22.97,95,100,9.35,CA,1639574234,overcast clouds
388,kavieng,-2.5744,150.7967,83.39,77,100,15.05,PG,1639574235,light rain
389,gisborne,-38.6533,178.0042,64.94,81,100,8.79,NZ,1639574235,overcast clouds
390,lensk,60.7253,114.9278,-16.31,95,100,13.94,RU,1639574235,light snow
391,annau,37.8876,58.516,38.7,60,0,16.11,TM,1639574236,clear sky
392,rosetta,31.4044,30.4164,63.79,59,1,18.54,EG,1639574236,clear sky
393,waingapu,-9.6567,120.2641,82.22,77,6,1.7,ID,1639574236,clear sky
394,mirador,-6.3708,-44.3631,86.05,62,100,4.25,BR,1639574237,overcast clouds
395,santa rosa,14.3122,121.1114,80.11,75,100,13.96,PH,1639574237,overcast clouds
396,pimentel,-6.8367,-79.9342,68.29,77,75,10.36,PE,1639574237,broken clouds
397,inverell,-29.7833,151.1167,69.15,65,100,4.99,AU,1639574238,overcast clouds
398,russell,32.3502,-85.1999,50.97,86,9,5.39,US,1639574106,clear sky
399,najran,17.4924,44.1277,77.65,9,8,11.3,SA,1639574238,clear sky
400,patacamaya,-17.2333,-67.9167,51.03,60,100,4.9,BO,1639574238,overcast clouds
401,alenquer,-1.9417,-54.7383,80.94,61,66,3.38,BR,1639574239,broken clouds
402,raga,8.4596,25.678,94.89,14,100,7.9,SS,1639574239,overcast clouds
403,ahipara,-35.1667,173.1667,65.68,93,49,12.71,NZ,1639574239,scattered clouds
404,namibe,-15.1961,12.1522,77.29,63,18,10.74,AO,1639574240,few clouds
405,carlagan,14.975,122.0456,79.03,73,100,20.13,PH,1639574240,overcast clouds
406,kudahuvadhoo,2.6708,72.8944,82.08,76,54,11.7,MV,1639574240,broken clouds
407,okhotsk,59.3833,143.3,-3.53,82,100,13.73,RU,1639574241,overcast clouds
408,chardara,41.2547,67.9692,45.45,57,100,5.75,KZ,1639574241,overcast clouds
409,tselinnoye,53.0833,85.6667,3.49,93,99,6.87,RU,1639574241,overcast clouds
410,guamuchil,25.4667,-108.1,63.61,54,5,2.37,MX,1639574242,clear sky
411,kota,25.1833,75.8333,67.75,54,0,7.99,IN,1639574242,clear sky
412,hualmay,-11.0964,-77.6139,68.04,84,88,6.22,PE,1639574242,overcast clouds
413,vardo,70.3705,31.1107,30.4,82,100,16.04,NO,1639574243,overcast clouds
414,seoul,37.5683,126.9778,44.04,75,14,2.68,KR,1639574052,few clouds
415,marawi,7.9986,124.2928,67.64,96,79,2.64,PH,1639574243,light rain
416,sao francisco,-15.9486,-44.8644,72.39,93,100,1.01,BR,1639574243,moderate rain
417,kununurra,-15.7667,128.7333,91.38,58,94,10.36,AU,1639574039,overcast clouds
418,masinigudi,11.5667,76.6667,67.35,94,78,3.31,IN,1639574245,broken clouds
419,rakai,-0.72,31.4839,72.5,63,100,6.64,UG,1639574245,overcast clouds
420,dong hoi,17.4833,106.6,70.57,89,100,1.28,VN,1639574245,overcast clouds
421,krasnoselkup,65.7,82.4667,-1.91,98,98,6.49,RU,1639574246,overcast clouds
422,dunedin,-45.8742,170.5036,52.81,98,100,5.84,NZ,1639574246,light rain
423,timmins,48.4669,-81.3331,26.42,68,90,14.97,CA,1639574246,overcast clouds
424,longyearbyen,78.2186,15.6401,28.24,69,75,14.97,SJ,1639574247,broken clouds
425,mehamn,71.0357,27.8492,28.31,85,100,12.91,NO,1639574247,overcast clouds
426,placido de castro,-10.3353,-67.1856,78.44,84,93,3.15,BR,1639574247,overcast clouds
427,haines junction,60.7522,-137.5108,-16.65,69,93,3.44,CA,1639574248,overcast clouds
428,niamtougou,9.7681,1.1053,91.24,11,0,6.91,TG,1639574248,clear sky
429,conceicao do mato dentro,-19.0372,-43.425,71.6,91,100,4.05,BR,1639574248,overcast clouds
430,emerald,-23.5333,148.1667,76.33,39,0,19.26,AU,1639574249,clear sky
431,hami,42.8,93.45,26.71,46,26,6.08,CN,1639574249,scattered clouds
432,ouegoa,-20.35,164.4333,75.11,68,37,5.35,NC,1639574249,scattered clouds
433,kulhudhuffushi,6.6221,73.07,82.26,72,37,5.7,MV,1639574249,scattered clouds
434,kumbo,6.2,10.6667,79.41,22,100,5.93,CM,1639574250,overcast clouds
435,guanay,-15.4975,-67.8797,78.12,86,100,1.25,BO,1639574250,overcast clouds
436,chaykovskiy,56.7686,54.1148,16.41,97,85,5.26,RU,1639574250,overcast clouds
437,lorengau,-2.0226,147.2712,82.53,80,84,14.92,PG,1639574251,broken clouds
438,college,64.8569,-147.8028,-29.42,67,20,0.0,US,1639574251,few clouds
439,chokwe,-24.5333,32.9833,94.59,37,81,5.59,MZ,1639574251,broken clouds
440,qandala,11.472,49.8728,78.69,65,2,10.78,SO,1639574252,clear sky
441,fort abbas,29.1925,72.8536,59.85,22,0,1.57,PK,1639574252,clear sky
442,aswan,24.0934,32.907,72.9,24,70,13.78,EG,1639574252,broken clouds
443,clyde river,70.4692,-68.5914,-14.57,76,27,4.61,CA,1639574253,scattered clouds
444,roswell,34.0232,-84.3616,45.39,72,1,1.01,US,1639574220,clear sky
445,cap malheureux,-19.9842,57.6142,80.47,68,10,8.01,MU,1639574253,light rain
446,bastia,42.6667,9.3333,58.33,77,75,5.75,FR,1639574253,broken clouds
447,berlevag,70.8578,29.0864,28.35,80,75,18.41,NO,1639574254,broken clouds
448,lakatoro,-16.0999,167.4164,79.23,82,27,6.2,VU,1639574254,scattered clouds
449,velingara,13.15,-14.1167,97.74,9,100,6.55,SN,1639574254,overcast clouds
450,vysokogornyy,50.1167,139.15,-2.18,94,100,7.85,RU,1639574255,overcast clouds
451,mandalgovi,45.7625,106.2708,0.91,81,54,16.11,MN,1639574255,broken clouds
452,dresden,51.0509,13.7383,49.14,88,75,3.0,DE,1639574001,light intensity drizzle
453,esperance,-33.8667,121.9,61.14,69,1,18.68,AU,1639574256,clear sky
454,shimanovsk,52.0,127.7,-12.37,78,0,7.2,RU,1639574256,clear sky
455,muromtsevo,56.3724,75.2418,19.44,95,100,10.6,RU,1639574256,light snow
456,tanete,-3.9443,119.7848,78.01,93,100,1.99,ID,1639574257,overcast clouds
457,turukhansk,65.8167,87.9833,-2.72,97,100,14.07,RU,1639574257,light snow
458,bichura,50.5881,107.6022,-0.09,91,100,8.63,RU,1639574257,overcast clouds
459,jiexiu,37.0244,111.9125,35.82,39,31,4.34,CN,1639574257,scattered clouds
460,porto nacional,-10.7081,-48.4172,80.6,81,99,5.39,BR,1639574258,overcast clouds
461,talbahat,25.05,78.4333,65.66,48,0,7.4,IN,1639574258,clear sky
462,touros,-5.1989,-35.4608,86.9,58,100,15.59,BR,1639574258,overcast clouds
463,naze,28.3667,129.4833,62.06,65,34,8.23,JP,1639574259,scattered clouds
464,grand-santi,4.25,-54.3833,81.95,72,68,3.51,GF,1639574259,broken clouds
465,daru,-9.0763,143.2092,79.48,87,100,8.66,PG,1639574260,overcast clouds
466,ruidoso,33.3317,-105.673,51.66,55,1,3.0,US,1639573972,clear sky
467,okha,53.5739,142.9478,-1.17,87,42,21.36,RU,1639574260,scattered clouds
468,san jeronimo,-11.9472,-75.2829,50.7,75,10,1.07,PE,1639574260,clear sky
469,wanning,18.8003,110.3967,73.99,90,98,7.14,CN,1639574261,overcast clouds
470,poum,-20.2333,164.0167,78.93,55,28,14.34,NC,1639574261,scattered clouds
471,dudingen,46.8492,7.1885,49.69,87,60,3.89,CH,1639574261,broken clouds
472,kodinsk,58.6881,99.1844,-16.01,98,100,3.87,RU,1639574262,overcast clouds
473,teya,60.3778,92.6267,-5.62,92,100,8.79,RU,1639574262,overcast clouds
474,lichinga,-13.3128,35.2406,84.29,34,75,16.11,MZ,1639574262,broken clouds
475,catemaco,18.4167,-95.1167,64.15,93,47,2.53,MX,1639574263,scattered clouds
476,aksu,41.1231,80.2644,30.38,39,0,3.94,CN,1639574263,clear sky
477,manjeshwar,12.7194,74.8861,83.35,73,100,3.22,IN,1639574263,overcast clouds
478,kuching,1.55,110.3333,79.02,94,40,3.44,MY,1639574264,scattered clouds
479,marsh harbour,26.5412,-77.0636,75.13,74,89,25.81,BS,1639574264,overcast clouds
480,bondo,3.8146,23.6866,100.13,20,71,1.43,CD,1639574264,broken clouds
481,brae,60.3964,-1.353,49.91,73,77,28.95,GB,1639574265,broken clouds
482,lapeer,43.0514,-83.3188,44.38,93,90,12.66,US,1639574265,overcast clouds
483,port blair,11.6667,92.75,79.29,69,90,9.84,IN,1639574266,overcast clouds
484,troitskoye,52.9821,84.6757,6.93,89,100,8.75,RU,1639574266,overcast clouds
485,udachnyy,66.4167,112.4,-29.52,90,32,4.05,RU,1639574266,scattered clouds
486,lata,40.1629,-8.3327,67.5,49,11,3.36,PT,1639574266,few clouds
487,jagdispur,25.4833,84.4167,58.82,34,100,5.23,IN,1639574267,overcast clouds
488,nome,64.5011,-165.4064,5.16,72,90,18.41,US,1639574267,light snow
489,gorontalo,0.5412,123.0595,76.48,94,100,2.91,ID,1639574267,overcast clouds
490,gavle,60.6745,17.1417,44.51,95,100,8.01,SE,1639574268,overcast clouds
491,baryatino,54.3121,34.521,29.75,97,97,6.46,RU,1639574268,overcast clouds
492,half moon bay,37.4636,-122.4286,46.83,91,90,0.0,US,1639574268,overcast clouds
493,launceston,-41.45,147.1667,59.14,82,90,10.36,AU,1639574269,overcast clouds
494,khani,41.9563,42.9566,49.57,47,86,5.35,GE,1639574269,overcast clouds
495,yahualica,21.1333,-102.85,51.39,66,6,4.41,MX,1639574269,clear sky
496,cooma,-36.2333,149.1333,49.77,100,75,3.44,AU,1639574270,broken clouds
497,grindavik,63.8424,-22.4338,41.47,81,75,25.32,IS,1639574270,broken clouds
498,samarai,-10.6167,150.6667,82.42,74,100,0.56,PG,1639574270,overcast clouds
499,derbent,42.0678,48.2899,51.49,75,100,6.04,RU,1639574270,overcast clouds
500,talcahuano,-36.7167,-73.1167,58.68,67,0,6.91,CL,1639574271,clear sky
501,asau,46.4333,26.4,39.4,76,75,5.17,RO,1639574271,broken clouds
502,jutai,-5.1833,-68.9,75.38,98,100,1.43,BR,1639574271,overcast clouds
503,mandurah,-32.55,115.7,68.25,74,100,16.13,AU,1639574272,overcast clouds
504,margate,51.3813,1.3862,55.96,82,2,11.5,GB,1639574272,clear sky
505,bekkevoort,50.9336,4.9667,51.13,87,41,3.0,BE,1639574272,scattered clouds
506,jiaojiang,28.6803,121.4428,61.0,97,100,2.71,CN,1639574273,overcast clouds
507,gayny,60.3071,54.3241,23.92,95,100,5.39,RU,1639574273,overcast clouds
508,zapolyarnyy,69.4154,30.8136,25.88,97,100,7.02,RU,1639574274,overcast clouds
509,viedma,-40.8135,-62.9967,75.83,41,6,12.8,AR,1639574274,clear sky
510,huilong,31.8111,121.655,58.03,85,100,8.55,CN,1639574274,overcast clouds
511,sambava,-14.2667,50.1667,82.89,64,24,10.87,MG,1639574275,few clouds
512,aksarka,66.5606,67.7975,-11.58,100,95,4.92,RU,1639574275,overcast clouds
513,nelson bay,-32.7167,152.15,75.76,84,100,3.0,AU,1639574275,light rain
514,pingliang,35.5392,106.6861,29.7,47,73,6.53,CN,1639574276,broken clouds
515,bulgan,48.8125,103.5347,2.23,91,100,4.43,MN,1639574276,overcast clouds
516,dingle,10.9995,122.6711,75.33,92,100,8.57,PH,1639574276,light rain
517,mannarakkat,10.9833,76.4667,83.75,80,86,4.09,IN,1639574277,overcast clouds
518,yantal,56.8471,105.2542,-28.7,99,33,3.6,RU,1639574277,scattered clouds
519,inhambane,-23.865,35.3833,85.82,56,78,11.5,MZ,1639574277,broken clouds
520,tarancon,40.0085,-3.0073,60.49,29,12,4.74,ES,1639574278,few clouds
521,pontianak,-0.0333,109.3333,78.78,94,40,5.75,ID,1639573982,scattered clouds
522,maldonado,-34.6667,-54.9167,72.79,83,87,12.59,UY,1639574278,overcast clouds
523,erenhot,43.6475,111.9767,16.84,83,14,12.71,CN,1639574279,few clouds
524,kashi,39.4547,75.9797,38.26,59,20,2.24,CN,1639574279,few clouds
525,tukrah,32.5341,20.5791,59.83,63,58,13.8,LY,1639574279,broken clouds
526,rosario,-32.9468,-60.6393,74.07,76,0,1.99,AR,1639574120,clear sky
527,kalakamati,-20.5929,27.3121,95.72,16,4,3.31,BW,1639574280,clear sky
528,palafrugell,41.9174,3.1631,68.07,48,7,8.19,ES,1639574280,clear sky
529,gat,31.61,34.7642,66.4,44,0,11.01,IL,1639574280,clear sky
530,karasjok,69.4719,25.5112,26.71,96,100,6.62,NO,1639574281,light snow
531,rincon,32.296,-81.2354,57.85,83,75,5.75,US,1639574188,broken clouds
532,rorvik,64.8621,11.2373,44.71,81,75,29.93,NO,1639574281,broken clouds
533,lambarene,-0.7001,10.2406,85.77,68,99,5.23,GA,1639574281,light rain
534,odweyne,9.4092,45.064,81.55,22,66,1.66,SO,1639574282,broken clouds
535,lagoa,39.05,-27.9833,61.72,75,100,16.93,PT,1639574282,overcast clouds
536,pauini,-7.7136,-66.9764,78.48,91,92,1.34,BR,1639574282,overcast clouds
537,karratha,-20.7377,116.8463,82.51,57,0,14.14,AU,1639574283,light rain
538,caborca,30.5838,-111.101,53.26,79,61,1.21,MX,1639574283,broken clouds
539,arrifes,37.7667,-25.7,61.23,67,20,5.75,PT,1639574283,few clouds
540,kirakira,-10.4544,161.9205,79.83,86,100,6.67,SB,1639574284,overcast clouds
541,middelburg,-25.7751,29.4648,82.63,33,27,11.39,ZA,1639574284,scattered clouds
542,qaqortoq,60.7167,-46.0333,25.3,82,100,6.71,GL,1639574284,overcast clouds
543,hamilton,39.1834,-84.5333,56.25,51,90,1.99,US,1639574137,overcast clouds
544,tirthahalli,13.7,75.2333,71.89,69,100,6.02,IN,1639574285,overcast clouds
545,superior,46.7208,-92.1041,44.28,94,90,4.61,US,1639574285,mist
546,mahibadhoo,3.7833,72.9667,81.64,78,69,15.88,MV,1639574285,broken clouds
547,klaeng,12.7797,101.6483,82.15,70,65,3.62,TH,1639574286,broken clouds
548,eureka,40.8021,-124.1637,45.21,85,100,7.0,US,1639574286,overcast clouds
549,sidhpura,27.6333,78.8833,64.76,43,0,5.64,IN,1639574286,clear sky
550,sol-iletsk,51.1631,54.9918,27.21,89,100,9.71,RU,1639574287,overcast clouds
551,luancheng,37.8792,114.6517,32.16,44,100,3.49,CN,1639574287,overcast clouds
552,dukat,62.55,155.55,-22.88,96,100,4.97,RU,1639574287,overcast clouds
553,buala,-8.145,159.5921,80.35,85,100,8.03,SB,1639574288,moderate rain
554,sao jose da coroa grande,-8.8978,-35.1478,83.64,63,100,10.69,BR,1639574288,overcast clouds
555,silifke,36.3778,33.9344,58.59,77,100,12.21,TR,1639574288,overcast clouds
556,auki,-8.7676,160.7034,78.51,87,99,5.1,SB,1639574289,light rain
557,beloha,-25.1667,45.05,97.52,28,31,16.26,MG,1639574289,scattered clouds
558,dmytrivka,45.9717,28.9864,38.53,76,100,21.36,UA,1639574289,overcast clouds
559,salalah,17.0151,54.0924,78.89,61,0,9.22,OM,1639574290,clear sky
560,ostrovnoy,68.0531,39.5131,25.03,92,82,19.24,RU,1639574290,broken clouds
561,mayo,38.8876,-76.5119,43.86,87,1,5.75,US,1639574290,clear sky
562,saint-pierre,-21.3393,55.4781,82.08,65,0,26.46,RE,1639574291,light rain
563,carauari,-4.8828,-66.8958,80.51,84,83,2.15,BR,1639574291,broken clouds
564,kokopo,-4.352,152.2633,79.81,82,100,6.69,PG,1639574291,overcast clouds
565,saint george,37.1041,-113.5841,39.67,70,1,3.0,US,1639574063,clear sky
566,vereshchagino,58.0789,54.6557,16.72,96,100,5.41,RU,1639574292,light snow
567,borba,-4.3878,-59.5939,74.93,98,100,2.82,BR,1639574292,moderate rain
568,tilichiki,60.4667,166.1,5.11,91,100,7.56,RU,1639574292,overcast clouds
569,kabalo,-6.05,26.9167,86.45,57,93,4.65,CD,1639574293,light rain
570,newport,51.5877,-2.9984,56.17,87,100,10.22,GB,1639574086,overcast clouds
571,benjamin aceval,-24.9667,-57.5667,78.94,65,71,8.25,PY,1639574293,broken clouds
572,a coruna,43.3713,-8.396,63.05,59,0,0.0,ES,1639574293,clear sky
573,belaya gora,68.5333,146.4167,-19.32,94,100,2.86,RU,1639574294,overcast clouds
574,san rafael,-34.6177,-68.3301,69.87,51,2,2.71,AR,1639574294,clear sky
575,seminole,28.7086,-81.2081,72.0,92,75,6.91,US,1639574294,broken clouds
576,kerema,-7.9631,145.7785,77.92,91,100,6.98,PG,1639574295,overcast clouds
577,nemuro,43.3236,145.575,36.46,65,100,10.96,JP,1639574101,overcast clouds
578,zhanakorgan,43.9098,67.2495,39.27,72,22,6.26,KZ,1639574295,few clouds
579,waddan,29.1614,16.139,61.41,45,77,10.22,LY,1639574295,broken clouds
580,coquimbo,-29.9533,-71.3436,64.13,72,20,9.22,CL,1639574296,few clouds
581,jacmel,18.2342,-72.5347,78.64,71,0,2.33,HT,1639574296,clear sky
582,huarmey,-10.0681,-78.1522,67.95,85,82,5.75,PE,1639574296,broken clouds
583,galveston,29.3669,-94.9669,73.22,95,90,8.05,US,1639574132,fog
584,petropavlovsk-kamchatskiy,53.0452,158.6483,16.39,73,0,6.71,RU,1639574297,clear sky
585,yamaga,33.0167,130.6833,53.35,61,100,3.11,JP,1639574297,overcast clouds
586,cuamba,-14.8031,36.5372,96.44,22,97,9.51,MZ,1639574298,overcast clouds
587,nueve de julio,-35.4444,-60.8831,67.21,77,98,6.17,AR,1639574218,overcast clouds
588,moultrie,31.1799,-83.7891,57.58,100,1,0.0,US,1639574298,mist
589,ouesso,1.6136,16.0517,92.59,42,100,2.64,CG,1639574298,overcast clouds
590,hauterive,46.0901,3.4459,35.38,67,99,2.86,FR,1639574299,overcast clouds
591,bulolo,-7.2,146.65,71.69,98,100,2.19,PG,1639574299,overcast clouds
592,vanavara,60.34,102.2797,-15.88,94,100,8.05,RU,1639574299,overcast clouds
593,cam ranh,11.9214,109.1591,75.16,83,20,12.66,VN,1639574300,few clouds
594,bang saphan,11.2126,99.5117,75.29,84,4,3.22,TH,1639574300,clear sky
595,opuwo,-18.0607,13.84,92.3,16,77,3.78,NA,1639574300,broken clouds
596,pangnirtung,66.1451,-65.7125,-22.47,93,38,4.88,CA,1639574301,scattered clouds
597,muriti,-1.9833,32.9167,77.23,59,100,5.97,TZ,1639574301,overcast clouds
598,sisimiut,66.9395,-53.6735,17.24,87,100,9.89,GL,1639574301,overcast clouds
599,clearlake,38.9582,-122.6264,36.81,69,100,2.48,US,1639574004,overcast clouds
600,longkou,37.6508,120.3286,43.83,52,100,4.38,CN,1639574302,overcast clouds
601,maniitsoq,65.4167,-52.9,22.96,69,100,3.36,GL,1639574290,overcast clouds
602,yevlax,40.6089,47.1492,50.22,62,75,4.61,AZ,1639574302,broken clouds
603,orotukan,62.2667,151.7,-19.52,99,100,1.92,RU,1639574302,overcast clouds
604,varkaus,62.3153,27.873,32.31,95,100,7.83,FI,1639574303,overcast clouds
605,boden,65.8252,21.6886,26.6,79,100,10.94,SE,1639574303,overcast clouds
606,batagay-alyta,67.8006,130.4114,-20.06,98,100,1.99,RU,1639574303,overcast clouds
607,comodoro rivadavia,-45.8667,-67.5,67.86,32,0,16.11,AR,1639574172,clear sky
608,biharamulo,-2.6319,31.3089,74.93,63,96,3.96,TZ,1639574304,light rain
609,svetlaya,46.5389,138.3297,14.79,66,2,8.99,RU,1639574304,clear sky
610,sur,22.5667,59.5289,74.25,41,53,10.13,OM,1639574304,broken clouds
611,wexford,52.3342,-6.4575,54.52,82,65,15.41,IE,1639574305,broken clouds
612,ixtapa,20.7,-105.2,67.23,94,20,4.61,MX,1639574305,few clouds
613,lianzhou,24.7811,112.3825,67.17,78,100,2.73,CN,1639574305,overcast clouds
614,nantucket,41.2835,-70.0995,41.14,75,1,5.75,US,1639574306,clear sky
615,panaba,21.2833,-88.2667,71.98,85,34,6.58,MX,1639574306,scattered clouds
616,kurchum,48.5722,83.6542,3.06,89,99,3.71,KZ,1639574306,overcast clouds
617,lompoc,34.6391,-120.4579,47.12,78,1,0.0,US,1639574306,clear sky
618,provost,52.3501,-110.2683,-8.18,93,36,9.91,CA,1639574307,scattered clouds
619,alofi,-19.0595,-169.9187,73.29,94,13,6.91,NU,1639574307,light rain
620,florence,43.7667,11.25,59.99,68,0,2.3,IT,1639574154,clear sky
621,beira,-19.8436,34.8389,87.57,60,41,13.65,MZ,1639574308,scattered clouds
622,goundam,16.4145,-3.6708,88.07,16,100,9.44,ML,1639574308,overcast clouds
623,faya,18.3851,42.4509,68.11,32,43,7.11,SA,1639574308,scattered clouds
624,north bend,43.4065,-124.2243,40.95,94,90,11.5,US,1639574308,overcast clouds
625,jalalpur,32.6374,74.2183,57.07,67,0,4.61,PK,1639574309,smoke
626,general roca,-39.0333,-67.5833,74.62,17,0,8.52,AR,1639574309,clear sky
627,pucallpa,-8.3791,-74.5539,80.64,83,75,2.3,PE,1639574310,broken clouds
628,marion,39.7684,-86.1555,56.71,71,90,8.05,US,1639574193,overcast clouds
629,fairview,40.8126,-73.999,46.29,56,1,3.44,US,1639574106,clear sky
630,bantogon,6.5333,124.0333,79.47,81,100,5.66,PH,1639574310,overcast clouds
631,sydney,-33.8679,151.2073,71.11,92,75,3.0,AU,1639574199,light intensity shower rain
632,boshnyakovo,49.6333,142.1667,13.78,71,100,4.59,RU,1639574311,overcast clouds
633,vila velha,-20.3297,-40.2925,84.15,78,75,11.01,BR,1639574029,broken clouds
634,turinsk,58.0458,63.696,17.89,93,86,6.76,RU,1639574311,overcast clouds
635,agadez,19.75,10.25,70.09,17,100,8.63,NE,1639574311,overcast clouds
636,korla,41.7597,86.1469,25.84,55,0,6.13,CN,1639574312,clear sky
637,mareeba,-17.0,145.4333,74.12,92,7,2.82,AU,1639574312,clear sky
638,ampanihy,-24.7,44.75,92.41,36,85,18.86,MG,1639574312,overcast clouds
639,olafsvik,64.8945,-23.7142,40.84,83,74,26.22,IS,1639574313,broken clouds
640,lobito,-12.3481,13.5456,79.92,78,98,6.98,AO,1639574313,overcast clouds
641,gerash,27.6652,54.1371,68.14,18,98,2.62,IR,1639574313,overcast clouds
642,fenoarivo,-18.933,47.4354,80.67,41,40,13.8,MG,1639574314,scattered clouds
643,kamenka,51.3223,42.7678,30.74,93,100,3.13,RU,1639574314,overcast clouds
644,pala,9.3642,14.9046,95.07,12,100,7.0,TD,1639574314,overcast clouds
645,kapit,2.0167,112.9333,76.42,97,100,1.16,MY,1639574315,overcast clouds
646,akdepe,42.0551,59.3788,33.89,61,0,9.13,TM,1639574315,clear sky
647,san juan,-31.5375,-68.5364,73.92,46,9,3.89,AR,1639574055,clear sky
648,ahuimanu,21.4447,-157.8378,73.11,81,75,6.91,US,1639574316,light rain
649,zabol,32.25,67.25,29.37,31,0,9.37,AF,1639574316,clear sky
650,port macquarie,-31.4333,152.9167,66.16,83,55,6.55,AU,1639574141,broken clouds
651,olinda,-8.0089,-34.8553,85.73,62,40,10.36,BR,1639574316,scattered clouds
652,grabovo,53.3875,45.064,29.53,53,100,3.04,RU,1639574317,overcast clouds
653,amahai,-3.3333,128.9167,80.98,81,87,1.39,ID,1639574317,overcast clouds
654,thunder bay,48.4001,-89.3168,39.18,92,90,4.61,CA,1639574136,mist
655,tacoronte,28.4769,-16.4102,62.76,75,40,11.01,ES,1639574317,scattered clouds
656,cervo,43.6702,-7.4101,53.96,63,0,10.2,ES,1639574318,clear sky
657,ilulissat,69.2167,-51.1,-1.84,80,28,5.79,GL,1639574318,scattered clouds
658,price,39.5994,-110.8107,31.12,68,1,19.57,US,1639574160,clear sky
659,bratsk,56.1325,101.6142,-21.51,99,63,2.42,RU,1639574284,broken clouds
660,san isidro,-12.1167,-77.05,70.02,88,90,3.0,PE,1639574319,overcast clouds
661,haapiti,-17.5667,-149.8667,76.73,78,28,10.33,PF,1639574319,moderate rain
662,labuhan,-6.8844,112.2051,80.13,83,100,4.47,ID,1639574319,overcast clouds
663,mula,38.0409,-1.4901,57.33,50,15,3.04,ES,1639574320,few clouds
664,freetown,8.484,-13.2299,84.78,65,98,7.67,SL,1639574320,overcast clouds
665,weligama,5.9667,80.4167,77.38,83,85,2.19,LK,1639574320,overcast clouds
666,itarema,-2.9248,-39.9167,88.57,56,83,17.31,BR,1639574321,broken clouds
667,mehran,33.1222,46.1646,74.68,28,0,18.43,IR,1639574321,clear sky
668,lewistown,40.5992,-77.5714,40.64,87,90,0.0,US,1639574321,overcast clouds
669,pochutla,15.7432,-96.4661,72.45,50,3,3.51,MX,1639574322,clear sky
670,tocopilla,-22.092,-70.1979,69.91,66,54,7.83,CL,1639574322,broken clouds
671,stodolishche,54.1859,32.6492,31.39,97,100,5.28,RU,1639574322,overcast clouds
672,vuktyl,63.8567,57.3094,14.13,96,94,5.82,RU,1639574323,overcast clouds
673,irricana,51.3237,-113.6048,1.02,94,7,4.45,CA,1639574323,clear sky
674,gra liyia,35.0167,25.6833,58.12,69,100,13.0,GR,1639574323,overcast clouds
675,banda aceh,5.5577,95.3222,80.4,83,25,7.49,ID,1639574324,scattered clouds
676,sinnamary,5.3833,-52.95,80.62,80,95,7.11,GF,1639574324,overcast clouds
677,yamada,39.4667,141.95,38.62,74,5,4.59,JP,1639574324,clear sky
678,jian,27.1172,114.9793,64.31,60,42,3.11,CN,1639574325,scattered clouds
679,zhigansk,66.7697,123.3711,-30.59,94,100,7.09,RU,1639574325,overcast clouds
680,morondava,-20.2833,44.2833,85.68,60,17,10.47,MG,1639574325,few clouds
681,san matias,-16.3667,-58.4,84.78,67,95,5.88,BO,1639574326,overcast clouds
682,lakselv,70.0513,24.9718,28.22,80,40,18.41,NO,1639574326,scattered clouds
683,northam,51.0333,-4.2167,56.01,89,100,13.11,GB,1639574326,overcast clouds
684,chunskiy,56.0815,99.6342,-16.55,100,79,2.44,RU,1639574327,broken clouds
685,sarangani,5.4033,125.4636,83.64,78,100,11.52,PH,1639574327,overcast clouds
686,chicama,-7.8447,-79.1469,64.94,80,22,5.68,PE,1639574327,few clouds
687,juruti,-2.1522,-56.0922,86.02,61,91,4.59,BR,1639574328,overcast clouds
688,konstantinovskiy,57.8301,39.5899,26.31,95,93,7.4,RU,1639574328,overcast clouds
